{
  "format_version": "1.21.40",
  "minecraft:block": {
    "description": {
      "identifier": "most_powerful_sword:power_gen_ore",
      "menu_category": {
        "category": "construction"
      }
    },
    "components": {
      "minecraft:loot": "loot_tables/blocks/most_powerful_sword_power_gen_ore.json",
      "minecraft:light_emission": 0,
      "minecraft:destructible_by_mining": {
        "seconds_to_destroy": 3
      },
      "minecraft:destructible_by_explosion": {
        "explosion_resistance": 5
      },
      "minecraft:friction": 0.6,
      "minecraft:flammable": {
        "flame_odds": 0,
        "burn_odds": 0
      }
    }
  }
}