{
  "format_version": "1.12",
  "minecraft:recipe_shaped": {
    "description": {
      "identifier": "most_powerful_sword:mp_srecipe"
    },
    "groups": [
      "most_powerful_sword"
    ],
    "tags": [
      "crafting_table"
    ],
    "pattern": [
      "a",
      "a",
      "b"
    ],
    "key": {
      "a": {
        "item": "most_powerful_sword:power_gen_block"
      },
      "b": {
        "item": "most_powerful_sword:powerstick"
      }
    },
    "result": {
      "item": "most_powerful_sword:mostpowerfulsword",
      "count": 1
    }
  }
}