{
  "format_version": "1.12",
  "minecraft:recipe_shaped": {
    "description": {
      "identifier": "most_powerful_sword:power_gen_ore_block_recipe"
    },
    "groups": [
      "most_powerful_sword"
    ],
    "tags": [
      "crafting_table"
    ],
    "pattern": [
      "aaa",
      "aaa",
      "aaa"
    ],
    "key": {
      "a": {
        "item": "most_powerful_sword:power_gen"
      }
    },
    "result": {
      "item": "most_powerful_sword:power_gen_block",
      "count": 1
    }
  }
}