{
  "resource_pack_name": "vanilla",
  "texture_name": "atlas.terrain",
  "padding": 8,
  "num_mip_levels": 0,
  "texture_data": {
    "most_powerful_sword_power_gen_ore_up": {
      "textures": [
        "textures/blocks/power_gen_ore"
      ]
    },
    "most_powerful_sword_power_gen_ore_down": {
      "textures": [
        "textures/blocks/power_gen_ore"
      ]
    },
    "most_powerful_sword_power_gen_ore_south": {
      "textures": [
        "textures/blocks/power_gen_ore"
      ]
    },
    "most_powerful_sword_power_gen_ore_north": {
      "textures": [
        "textures/blocks/power_gen_ore"
      ]
    },
    "most_powerful_sword_power_gen_ore_west": {
      "textures": [
        "textures/blocks/power_gen_ore"
      ]
    },
    "most_powerful_sword_power_gen_ore_east": {
      "textures": [
        "textures/blocks/power_gen_ore"
      ]
    },
    "most_powerful_sword_power_gen_block_up": {
      "textures": [
        "textures/blocks/power_gen_ore_block"
      ]
    },
    "most_powerful_sword_power_gen_block_down": {
      "textures": [
        "textures/blocks/power_gen_ore_block"
      ]
    },
    "most_powerful_sword_power_gen_block_south": {
      "textures": [
        "textures/blocks/power_gen_ore_block"
      ]
    },
    "most_powerful_sword_power_gen_block_north": {
      "textures": [
        "textures/blocks/power_gen_ore_block"
      ]
    },
    "most_powerful_sword_power_gen_block_west": {
      "textures": [
        "textures/blocks/power_gen_ore_block"
      ]
    },
    "most_powerful_sword_power_gen_block_east": {
      "textures": [
        "textures/blocks/power_gen_ore_block"
      ]
    }
  }
}