{
  "format_version": "1.16.100",
  "most_powerful_sword:power_gen_ore": {
    "textures": {
      "up": "most_powerful_sword_power_gen_ore_up",
      "down": "most_powerful_sword_power_gen_ore_down",
      "south": "most_powerful_sword_power_gen_ore_south",
      "north": "most_powerful_sword_power_gen_ore_north",
      "west": "most_powerful_sword_power_gen_ore_west",
      "east": "most_powerful_sword_power_gen_ore_east"
    },
    "sound": "stone"
  },
  "most_powerful_sword:power_gen_block": {
    "textures": {
      "up": "most_powerful_sword_power_gen_block_up",
      "down": "most_powerful_sword_power_gen_block_down",
      "south": "most_powerful_sword_power_gen_block_south",
      "north": "most_powerful_sword_power_gen_block_north",
      "west": "most_powerful_sword_power_gen_block_west",
      "east": "most_powerful_sword_power_gen_block_east"
    },
    "sound": "metal"
  }
}